"Symfony Parte 1: Criação de uma API Restful";Sim
"Symfony Parte 2: Autenticação e HATEOAS";Sim
"PHP Doctrine: Introdução ao Mapeamento Objeto-Relacional";Sim
"Laravel parte 1: Produtividade no desenvolvimento web";Sim
"Laravel parte 2: Trabalhando com Autenticação, Relacionamentos e Testes";Sim
"Lumen: API Rest com o Micro-framework do Laravel";Sim
"Introdução ao PHP: Primeiros passos com a linguagem";Sim
"Avançando com PHP: Arrays, Strings, Função e Web";Sim
"MVC com PHP: Entenda o padrão Model-View-Controller";Sim
"PHP Composer: Dependências, Autoload e Publicação";Sim
"PHP e TDD : Testes com PHPUnit";Sim
"Symfony Parte 1: Criação de uma API Restful";NÃ£o
"Symfony Parte 2: Autenticação e HATEOAS";NÃ£o
"PHP Doctrine: Introdução ao Mapeamento Objeto-Relacional";NÃ£o
"Laravel parte 1: Produtividade no desenvolvimento web";NÃ£o
"Laravel parte 2: Trabalhando com Autenticação, Relacionamentos e Testes";NÃ£o
"Lumen: API Rest com o Micro-framework do Laravel";NÃ£o
"Introdução ao PHP: Primeiros passos com a linguagem";NÃ£o
"Avançando com PHP: Arrays, Strings, Função e Web";NÃ£o
"MVC com PHP: Entenda o padrão Model-View-Controller";NÃ£o
"PHP Composer: Dependências, Autoload e Publicação";NÃ£o
"PHP e TDD : Testes com PHPUnit";NÃ£o
